date,rf,mkt_rf,smb,hml,mom
2015-07-30,0.00008969,0.03800717,0.00133315,0.02352632,-0.00191163
2015-08-31,0.00008775,-0.06186743,0.07104534,0.03512283,0.05318905
2015-09-30,0.00006511,-0.05520442,0.01143931,0.02732081,0.01248043
2015-10-29,0.00006625,0.04617616,-0.00876640,-0.03885081,0.00167872
2015-11-30,0.00011621,-0.01210411,0.04290654,-0.03569701,0.05520923
2015-12-31,0.00009428,-0.02731574,-0.00218959,0.01939212,0.04235446
2016-01-31,0.00007882,-0.03009108,0.00754945,-0.00656001,0.04297735
2016-02-29,0.00005694,-0.02257374,0.00585678,0.01726615,0.04733689
2016-03-31,0.00008046,0.01664921,0.03298054,0.01976769,-0.02160585
2016-04-27,0.00007612,0.00596091,0.01311215,0.00895076,-0.01631559
2016-05-31,0.00009530,0.00580719,-0.00566584,-0.01856443,0.03029007
2016-06-30,0.00007939,-0.02602215,-0.00421998,0.01135235,0.02167760
2016-07-31,0.00008934,0.05636807,0.04157953,0.00834894,-0.01503265
2016-08-31,0.00010605,0.00155666,0.05080307,0.01238857,0.02594002
2016-09-29,0.00008662,-0.00700003,-0.00021216,0.01020531,-0.03311497
2016-10-31,0.00009300,-0.01896777,0.00566948,0.01328424,-0.00085956
2016-11-30,0.00010641,0.02168254,-0.03836796,-0.00762857,-0.01082168
2016-12-29,0.00010040,0.01735157,-0.00961682,0.00869937,-0.02830595
2017-01-31,0.00011331,-0.02044244,0.00531939,0.05905243,0.04790200
2017-02-28,0.00009479,0.02533510,0.00629752,0.00683491,0.03926778
2017-03-30,0.00009622,-0.00773804,0.00790736,0.03447745,0.02825900
2017-04-30,0.00008215,0.01129015,0.04020274,0.01369242,0.01889136
2017-05-29,0.00008855,0.01816928,0.01171833,-0.01519319,0.04677414
2017-06-29,0.00009118,-0.00343279,-0.03328272,0.00752602,-0.04877307
2017-07-31,0.00010843,0.00539438,-0.01989309,-0.00909774,0.01870445
2017-08-31,0.00010230,-0.04747415,-0.03101806,0.01274417,-0.00163980
2017-09-28,0.00007878,0.02094182,0.03320843,0.00795274,0.01066399
2017-10-31,0.00007857,0.00647203,-0.02282157,0.01397237,0.05419415
2017-11-30,0.00010226,0.01025139,0.00076530,-0.00211258,0.02373954
2017-12-31,0.00011158,0.03449080,0.00219536,-0.00663529,-0.01939078
2018-01-31,0.00010169,0.03291078,-0.00122860,0.01390260,0.03150196
2018-02-28,0.00008363,-0.03165027,-0.00446543,-0.00758222,0.00024336
2018-03-29,0.00009794,-0.03858348,0.00568258,-0.00164700,0.03851114
2018-04-30,0.00011819,0.01054379,-0.01124644,-0.00555820,0.02013557
2018-05-31,0.00010970,0.02764902,-0.02013897,-0.00672370,0.01295300
2018-06-28,0.00008534,0.00131486,0.02404064,0.00845975,-0.00021763
2018-07-31,0.00009611,0.02767750,-0.04812754,0.01160796,0.01707578
2018-08-30,0.00009879,0.05514587,-0.00241357,-0.01463472,0.01117804
2018-09-27,0.00009770,-0.00508308,-0.01125178,-0.01329191,0.00746024
2018-10-31,0.00012045,-0.03070657,-0.01082031,-0.00148408,0.02707817
2018-11-29,0.00011869,0.02159191,-0.02469427,0.01872697,0.00753538
2018-12-31,0.00024098,-0.09819229,-0.00833577,-0.03214994,0.04887580
2019-01-31,0.00021211,0.06835952,0.02008253,0.01430840,0.00017120
2019-02-28,0.00019475,0.00338769,-0.00355161,-0.00708018,0.03362374
2019-03-31,0.00021639,-0.00536667,0.02498421,0.02782517,0.03737467
2019-04-30,0.00021645,0.03244925,-0.01060986,0.01040772,0.00693955
2019-05-30,0.00026403,-0.03357072,-0.02655732,0.03545326,0.06514589
2019-06-30,0.00023555,0.03743102,0.01030867,-0.00021425,0.00200019
2019-07-31,0.00023103,0.01266087,0.00379286,0.01305622,0.06338042
2019-08-29,0.00019420,-0.02774286,0.00942041,0.02486372,0.11462607
2019-09-26,0.00013796,0.03471386,0.00802184,0.01942070,-0.02752130
2019-10-31,0.00019121,0.02885042,0.00235947,-0.00245546,0.05198596
2019-11-28,0.00011665,0.03435195,-0.00214317,-0.02556771,0.00877322
2019-12-31,0.00016401,-0.00754234,0.02869122,0.00126608,0.01588854
2020-01-30,0.00014647,0.01295771,0.03001701,-0.00903542,0.09052066
2020-02-27,0.00013796,-0.05332592,0.00442640,0.04352757,0.03335786
2020-03-31,0.00017126,-0.17347957,0.01265271,-0.12870840,-0.03947360
2020-04-30,0.00010953,0.11171604,0.05940070,-0.09014280,-0.06486821
2020-05-31,0.00004597,-0.01571009,0.01936934,-0.11990626,0.09704998
2020-06-30,0.00003560,-0.05023650,0.01175958,-0.05907624,0.03747952
2020-07-29,0.00004242,0.04828656,0.00060997,-0.06834193,0.02056740
2020-08-31,0.00003718,0.02486519,0.06387190,0.03631129,-0.06050615
2020-09-30,0.00004129,-0.04351372,0.05847423,0.00564764,0.08028294
2020-10-29,0.00002914,0.01346388,-0.00172203,0.01370182,-0.07615468
2020-11-30,0.00003159,0.10019396,-0.02610124,0.10201786,-0.17610430
2020-12-31,0.00003909,0.04074544,0.04012231,0.09436568,-0.02336400
2021-01-31,-0.00002846,0.03513210,0.04254301,-0.00126496,0.01746835
2021-02-28,-0.00001939,-0.01060031,0.02527099,-0.03173862,-0.00303644
2021-03-31,-0.00004884,0.03716502,0.00948688,0.03690915,-0.04375712
2021-04-29,-0.00000767,0.03663920,0.01546865,0.02816508,-0.02794087
2021-05-31,0.00003287,0.03250574,-0.00435337,0.01494862,-0.00567830
2021-06-30,0.00002505,-0.00605189,0.02251849,-0.01524923,0.01528680
2021-07-29,-0.00000049,-0.00041045,-0.02936709,0.01804894,0.01176921
2021-08-31,-0.00001222,0.03905454,-0.02298546,0.00454337,0.03955810
2021-09-30,0.00001342,0.02200800,-0.02003135,0.04285371,0.01201985
2021-10-31,0.00002100,0.04034997,0.01227193,0.03718738,-0.00419337
2021-11-30,0.00000040,0.01536209,-0.02962740,0.03073117,0.04808455
2021-12-30,-0.00002353,0.05361014,0.00862722,0.07349116,0.04424282
2022-01-31,0.00002003,-0.00901841,-0.02265230,0.11854250,0.02275301
2022-02-28,-0.00000670,0.00741835,-0.02977034,0.03006142,0.03473026
2022-03-31,0.00006453,0.01853835,0.00760734,0.05721029,0.02133572
2022-04-28,0.00007237,0.00598645,-0.00527186,0.07789211,0.05889442
2022-05-31,0.00000352,-0.07632060,-0.02232141,-0.01784641,-0.03863059
2022-06-30,0.00026642,-0.03796176,0.01932128,-0.03913451,0.00229798
2022-07-31,0.00068767,0.06690218,-0.02550071,0.01809890,-0.01560850
2022-08-31,0.00115124,0.02960365,-0.02885315,0.05117853,0.03436971
2022-09-29,0.00138170,-0.09474828,-0.00003778,-0.04693226,0.00380686
2022-10-31,0.00150114,0.03236929,-0.03465638,0.06245306,0.00385203
2022-11-30,0.00215941,-0.04591714,-0.00973397,0.01625310,0.00538233
2022-12-29,0.00251556,-0.03956353,-0.01112747,0.00212378,0.02588116
2023-01-31,0.00320108,-0.00033480,0.00316543,-0.00464270,-0.05201846
2023-02-28,0.00293521,-0.05670997,-0.01859332,-0.03136318,0.00696372
2023-03-30,0.00340052,-0.00443460,-0.02238210,0.01052988,0.04623567
2023-04-30,0.00357379,0.01433458,-0.01509872,0.03012383,-0.00624402
2023-05-31,0.00362790,-0.00655760,0.01490469,-0.02338047,0.05051348
2023-06-29,0.00353334,0.01962062,0.00893357,-0.01802326,-0.03567096
2023-07-31,0.00396087,0.05791131,-0.02540173,0.01751180,-0.00516139
2023-08-31,0.00387454,-0.01374197,-0.00609915,0.03222200,0.06942057
2023-09-28,0.00346897,-0.00086369,-0.00682342,0.03601682,0.03034492
2023-10-31,0.00403800,-0.12057502,-0.03047435,-0.05254367,0.05033824
2023-11-30,0.00364365,0.07763152,-0.00107614,0.05915854,-0.05305983
2023-12-31,0.00373267,0.05330461,0.03584736,0.02786556,-0.04933833
2024-01-31,0.00360333,-0.01171809,0.03270112,-0.01706076,0.03937550
2024-02-29,0.00335025,0.06212870,0.00544717,-0.01012125,0.02110703
2024-03-31,0.00346980,0.02866517,-0.00969019,0.00773155,0.02949624
2024-04-30,0.00346598,-0.03840130,0.02907240,-0.01333301,0.02459730
2024-05-30,0.00348536,-0.00486119,-0.01598652,-0.01061114,0.02917227
2024-06-30,0.00361709,-0.03093526,-0.00550297,0.01358533,0.02502734
2024-07-31,0.00359106,0.02798415,0.00210756,0.01884111,-0.01676877
2024-08-29,0.00333310,0.04165917,0.00249453,0.04320412,0.00386732
2024-09-30,0.00369213,0.01498735,0.00724813,0.01865064,0.01297200
2024-10-31,0.00360505,0.04870675,0.00109830,0.00863042,-0.00601144
2024-11-28,0.00326661,0.03623107,0.03657852,0.02764490,-0.01761288
2024-12-31,0.00386495,0.06025951,-0.00513908,0.00982776,-0.00204180
2025-01-30,0.00346121,0.02318819,0.03101714,-0.00620480,0.02816082
2025-02-27,0.00326217,0.01185180,0.00417887,0.00202599,0.02205504
2025-03-31,0.00371037,-0.04613811,-0.05888672,0.00447662,0.02409898
2025-04-29,0.00337645,0.04343733,-0.00112611,-0.00276632,0.00582530
2025-05-29,0.00346698,0.06316502,0.00127250,0.01604420,0.05615422
2025-06-30,0.00373923,0.10454756,-0.01686334,0.02125055,0.03445799
2025-07-31,0.00357862,0.01501531,0.00342884,-0.01692918,0.04170528
2025-08-31,0.00356974,0.00930911,-0.01838590,0.00771967,0.04278761
2025-09-30,0.00344596,0.03241064,-0.00492031,-0.00579803,-0.01061048
2025-10-30,0.00340551,0.02536136,0.00829804,0.02726839,-0.00572307
2025-11-30,0.00347090,0.03744798,-0.01383107,-0.00725236,0.05100485
2025-12-31,0.00337210,0.05200282,-0.01122722,-0.01475848,0.05932485
2026-01-30,0.00311238,0.07674125,-0.00933247,-0.03801901,0.07361716
2026-02-27,0.00280528,0.01588269,-0.05238481,0.02551675,0.06055292
2026-03-31,0.00327107,-0.02381775,-0.01164847,0.06933725,-0.00136938
2026-04-30,0.00308568,0.07032958,-0.00551665,0.02060141,0.05761657
2026-05-29,0.00295783,0.02222597,0.03235998,-0.01913474,0.10672184
2026-06-30,0.00299263,-0.09618236,0.01886902,-0.01557114,-0.07190318
2026-07-31,0.00274745,0.01953328,-0.01345607,0.01770876,-0.00913008
2026-08-31,0.00275583,-0.01049754,-0.02837474,0.06771093,-0.05611727
2026-09-30,0.00252844,0.00723471,0.00872210,0.00215076,0.05449110
